{"eval_exact_match": 78.74172185430463, "eval_f1": 86.41892946974713}